{"learner":{"attributes":{"scikit_learn":"{\"_estimator_type\": \"regressor\"}"},"feature_names":[],"feature_types":[],"gradient_booster":{"model":{"gbtree_model_param":{"num_parallel_tree":"1","num_trees":"5"},"iteration_indptr":[0,1,2,3,4,5],"tree_info":[0,0,0,0,0],"trees":[{"base_weights":[-2.6688647E-9,2.1568531E-2,-1.4600238E-1,9.047985E-4,2.5288893E-2,-2.1295076E-2,2.7545137E-2],"categories":[],"categories_nodes":[],"categories_segments":[],"categories_sizes":[],"default_left":[0,0,0,0,0,0,0],"id":0,"left_children":[1,3,5,-1,-1,-1,-1],"loss_changes":[6.361096E-1,5.074532E-1,7.9226434E-1,0E0,0E0,0E0,0E0],"parents":[2147483647,0,0,1,1,2,2],"right_children":[2,4,6,-1,-1,-1,-1],"split_conditions":[8.9482737E-1,9.6322256E-1,7.7641296E-1,9.047985E-4,2.5288893E-2,-2.1295076E-2,2.7545137E-2],"split_indices":[2,1,0,0,0,0,0],"split_type":[0,0,0,0,0,0,0],"sum_hessian":[2E2,1.75E2,2.5E1,1.67E2,8E0,2.2E1,3E0],"tree_param":{"num_deleted":"0","num_feature":"3","num_nodes":"7","size_leaf_vector":"1"}},{"base_weights":[1.6140871E-4,3.176926E-2,-8.6470515E-2,1.0435067E-3,1.9555425E-2,-1.6370552E-2,7.709425E-3],"categories":[],"categories_nodes":[],"categories_segments":[],"categories_sizes":[],"default_left":[0,0,0,0,0,0,0],"id":1,"left_children":[1,3,5,-1,-1,-1,-1],"loss_changes":[5.5313516E-1,5.1510406E-1,6.947987E-1,0E0,0E0,0E0,0E0],"parents":[2147483647,0,0,1,1,2,2],"right_children":[2,4,6,-1,-1,-1,-1],"split_conditions":[7.2960615E-1,9.093204E-1,6.9597423E-1,1.0435067E-3,1.9555425E-2,-1.6370552E-2,7.709425E-3],"split_indices":[2,1,0,0,0,0,0],"split_type":[0,0,0,0,0,0,0],"sum_hessian":[2E2,1.47E2,5.3E1,1.31E2,1.6E1,3.6E1,1.7E1],"tree_param":{"num_deleted":"0","num_feature":"3","num_nodes":"7","size_leaf_vector":"1"}},{"base_weights":[2.0466693E-4,1.552449E-1,-1.5893525E-2,-1.3463572E-2,1.7882913E-2,-3.2914106E-3,1.5224355E-2],"categories":[],"categories_nodes":[],"categories_segments":[],"categories_sizes":[],"default_left":[0,0,0,0,0,0,0],"id":2,"left_children":[1,3,5,-1,-1,-1,-1],"loss_changes":[5.041367E-1,1.5397254E-1,5.287186E-1,0E0,0E0,0E0,0E0],"parents":[2147483647,0,0,1,1,2,2],"right_children":[2,4,6,-1,-1,-1,-1],"split_conditions":[6.505159E-2,1.0837652E-2,9.4476575E-1,-1.3463572E-2,1.7882913E-2,-3.2914106E-3,1.5224355E-2],"split_indices":[2,2,1,0,0,0,0],"split_type":[0,0,0,0,0,0,0],"sum_hessian":[2E2,1.8E1,1.82E2,1E0,1.7E1,1.66E2,1.6E1],"tree_param":{"num_deleted":"0","num_feature":"3","num_nodes":"7","size_leaf_vector":"1"}},{"base_weights":[2.6554713E-4,2.8636381E-2,-7.749647E-2,1.0176417E-3,1.7028809E-2,-1.4657666E-2,6.8807066E-3],"categories":[],"categories_nodes":[],"categories_segments":[],"categories_sizes":[],"default_left":[0,0,0,0,0,0,0],"id":3,"left_children":[1,3,5,-1,-1,-1,-1],"loss_changes":[4.4566005E-1,3.8527006E-1,5.5584604E-1,0E0,0E0,0E0,0E0],"parents":[2147483647,0,0,1,1,2,2],"right_children":[2,4,6,-1,-1,-1,-1],"split_conditions":[7.2960615E-1,9.093204E-1,6.9597423E-1,1.0176417E-3,1.7028809E-2,-1.4657666E-2,6.8807066E-3],"split_indices":[2,1,0,0,0,0,0],"split_type":[0,0,0,0,0,0,0],"sum_hessian":[2E2,1.47E2,5.3E1,1.31E2,1.6E1,3.6E1,1.7E1],"tree_param":{"num_deleted":"0","num_feature":"3","num_nodes":"7","size_leaf_vector":"1"}},{"base_weights":[2.900936E-4,1.3814624E-1,-1.4024424E-2,2.9439072E-3,2.1452973E-2,-2.8777833E-3,1.3173106E-2],"categories":[],"categories_nodes":[],"categories_segments":[],"categories_sizes":[],"default_left":[0,0,0,0,0,0,0],"id":4,"left_children":[1,3,5,-1,-1,-1,-1],"loss_changes":[3.985796E-1,1.5144965E-1,3.973123E-1,0E0,0E0,0E0,0E0],"parents":[2147483647,0,0,1,1,2,2],"right_children":[2,4,6,-1,-1,-1,-1],"split_conditions":[6.505159E-2,3.0461377E-1,9.4476575E-1,2.9439072E-3,2.1452973E-2,-2.8777833E-3,1.3173106E-2],"split_indices":[2,0,1,0,0,0,0],"split_type":[0,0,0,0,0,0,0],"sum_hessian":[2E2,1.8E1,1.82E2,8E0,1E1,1.66E2,1.6E1],"tree_param":{"num_deleted":"0","num_feature":"3","num_nodes":"7","size_leaf_vector":"1"}}]},"name":"gbtree"},"learner_model_param":{"base_score":"4.7877115E-1","boost_from_average":"1","num_class":"0","num_feature":"3","num_target":"1"},"objective":{"name":"reg:squarederror","reg_loss_param":{"scale_pos_weight":"1"}}},"version":[3,0,3]}