{"learner":{"attributes":{"scikit_learn":"{\"_estimator_type\": \"regressor\"}"},"feature_names":[],"feature_types":[],"gradient_booster":{"model":{"gbtree_model_param":{"num_parallel_tree":"1","num_trees":"10"},"iteration_indptr":[0,1,2,3,4,5,6,7,8,9,10],"tree_info":[0,0,0,0,0,0,0,0,0,0],"trees":[{"base_weights":[-4.0032972E-9,4.969304E-2,-8.595554E-2,-8.813708E-3,8.400265E-3,-1.6983598E-2,-2.8125115E-3],"categories":[],"categories_nodes":[],"categories_segments":[],"categories_sizes":[],"default_left":[0,0,0,0,0,0,0],"id":0,"left_children":[1,3,5,-1,-1,-1,-1],"loss_changes":[8.628212E-1,6.127027E-1,3.5418564E-1,0E0,0E0,0E0,0E0],"parents":[2147483647,0,0,1,1,2,2],"right_children":[2,4,6,-1,-1,-1,-1],"split_conditions":[6.094937E-1,2.3344819E-1,4.1117814E-1,-8.813708E-3,8.400265E-3,-1.6983598E-2,-2.8125115E-3],"split_indices":[4,8,9,0,0,0,0],"split_type":[0,0,0,0,0,0,0],"sum_hessian":[2E2,1.27E2,7.3E1,2.5E1,1.02E2,2.9E1,4.4E1],"tree_param":{"num_deleted":"0","num_feature":"10","num_nodes":"7","size_leaf_vector":"1"}},{"base_weights":[-1.00548736E-4,4.472051E-2,-7.76275E-2,-7.966236E-3,7.5683943E-3,-5.687143E-3,-3.033845E-2],"categories":[],"categories_nodes":[],"categories_segments":[],"categories_sizes":[],"default_left":[0,0,0,0,0,0,0],"id":1,"left_children":[1,3,5,-1,-1,-1,-1],"loss_changes":[7.019144E-1,4.9899828E-1,3.2949746E-1,0E0,0E0,0E0,0E0],"parents":[2147483647,0,0,1,1,2,2],"right_children":[2,4,6,-1,-1,-1,-1],"split_conditions":[6.094937E-1,2.3344819E-1,9.0927035E-1,-7.966236E-3,7.5683943E-3,-5.687143E-3,-3.033845E-2],"split_indices":[4,8,6,0,0,0,0],"split_type":[0,0,0,0,0,0,0],"sum_hessian":[2E2,1.27E2,7.3E1,2.5E1,1.02E2,6.8E1,5E0],"tree_param":{"num_deleted":"0","num_feature":"10","num_nodes":"7","size_leaf_vector":"1"}},{"base_weights":[-2.7171415E-4,4.024533E-2,-7.0351586E-2,6.8780184E-3,-8.006944E-3,-1.7414099E-2,-2.8686228E-3],"categories":[],"categories_nodes":[],"categories_segments":[],"categories_sizes":[],"default_left":[0,0,0,0,0,0,0],"id":2,"left_children":[1,3,5,-1,-1,-1,-1],"loss_changes":[5.735566E-1,4.449522E-1,3.1501183E-1,0E0,0E0,0E0,0E0],"parents":[2147483647,0,0,1,1,2,2],"right_children":[2,4,6,-1,-1,-1,-1],"split_conditions":[6.094937E-1,8.4639347E-1,7.077552E-1,6.8780184E-3,-8.006944E-3,-1.7414099E-2,-2.8686228E-3],"split_indices":[4,2,4,0,0,0,0],"split_type":[0,0,0,0,0,0,0],"sum_hessian":[2E2,1.27E2,7.3E1,1.03E2,2.4E1,2E1,5.3E1],"tree_param":{"num_deleted":"0","num_feature":"10","num_nodes":"7","size_leaf_vector":"1"}},{"base_weights":[-3.5107054E-4,-9.847559E-2,2.6187958E-2,6.3373903E-3,-1.7879514E-2,-1.677846E-2,4.607348E-3],"categories":[],"categories_nodes":[],"categories_segments":[],"categories_sizes":[],"default_left":[0,0,0,0,0,0,0],"id":3,"left_children":[1,3,5,-1,-1,-1,-1],"loss_changes":[5.2600884E-1,5.7031715E-1,6.210323E-1,0E0,0E0,0E0,0E0],"parents":[2147483647,0,0,1,1,2,2],"right_children":[2,4,6,-1,-1,-1,-1],"split_conditions":[2.1119617E-1,3.33892E-1,9.792376E-2,6.3373903E-3,-1.7879514E-2,-1.677846E-2,4.607348E-3],"split_indices":[8,1,5,0,0,0,0],"split_type":[0,0,0,0,0,0,0],"sum_hessian":[2E2,4.2E1,1.58E2,1.4E1,2.8E1,1.4E1,1.44E2],"tree_param":{"num_deleted":"0","num_feature":"10","num_nodes":"7","size_leaf_vector":"1"}},{"base_weights":[-4.339276E-4,7.858996E-2,-3.1495497E-2,-2.306216E-2,1.2649201E-2,-8.440881E-3,4.932979E-3],"categories":[],"categories_nodes":[],"categories_segments":[],"categories_sizes":[],"default_left":[0,0,0,0,0,0,0],"id":4,"left_children":[1,3,5,-1,-1,-1,-1],"loss_changes":[4.9585104E-1,8.7344825E-1,6.242903E-1,0E0,0E0,0E0,0E0],"parents":[2147483647,0,0,1,1,2,2],"right_children":[2,4,6,-1,-1,-1,-1],"split_conditions":[2.8209704E-1,1.0966777E-1,6.1031866E-1,-2.306216E-2,1.2649201E-2,-8.440881E-3,4.932979E-3],"split_indices":[2,1,9,0,0,0,0],"split_type":[0,0,0,0,0,0,0],"sum_hessian":[2E2,5.6E1,1.44E2,7E0,4.9E1,8.7E1,5.7E1],"tree_param":{"num_deleted":"0","num_feature":"10","num_nodes":"7","size_leaf_vector":"1"}},{"base_weights":[-4.5979713E-4,-6.6100754E-2,3.359799E-2,1.718685E-2,-8.737755E-3,-1.3194159E-2,5.2630957E-3],"categories":[],"categories_nodes":[],"categories_segments":[],"categories_sizes":[],"default_left":[0,0,0,0,0,0,0],"id":5,"left_children":[1,3,5,-1,-1,-1,-1],"loss_changes":[4.5157355E-1,3.643798E-1,4.2598855E-1,0E0,0E0,0E0,0E0],"parents":[2147483647,0,0,1,1,2,2],"right_children":[2,4,6,-1,-1,-1,-1],"split_conditions":[3.4891397E-1,9.78332E-3,9.792376E-2,1.718685E-2,-8.737755E-3,-1.3194159E-2,5.2630957E-3],"split_indices":[8,8,5,0,0,0,0],"split_type":[0,0,0,0,0,0,0],"sum_hessian":[2E2,6.8E1,1.32E2,5E0,6.3E1,1.3E1,1.19E2],"tree_param":{"num_deleted":"0","num_feature":"10","num_nodes":"7","size_leaf_vector":"1"}},{"base_weights":[-4.1124114E-4,3.480619E-2,-6.132232E-2,6.1485586E-3,-6.7271753E-3,-1.644339E-2,-2.5242993E-3],"categories":[],"categories_nodes":[],"categories_segments":[],"categories_sizes":[],"default_left":[0,0,0,0,0,0,0],"id":6,"left_children":[1,3,5,-1,-1,-1,-1],"loss_changes":[4.3330583E-1,3.527286E-1,2.711437E-1,0E0,0E0,0E0,0E0],"parents":[2147483647,0,0,1,1,2,2],"right_children":[2,4,6,-1,-1,-1,-1],"split_conditions":[6.094937E-1,7.7261335E-1,2.0456028E-1,6.1485586E-3,-6.7271753E-3,-1.644339E-2,-2.5242993E-3],"split_indices":[4,3,3,0,0,0,0],"split_type":[0,0,0,0,0,0,0],"sum_hessian":[2E2,1.27E2,7.3E1,1.01E2,2.6E1,1.8E1,5.5E1],"tree_param":{"num_deleted":"0","num_feature":"10","num_nodes":"7","size_leaf_vector":"1"}},{"base_weights":[-4.6737108E-4,6.985221E-2,-2.810702E-2,-2.050435E-2,1.1243848E-2,-7.6393313E-3,4.5639556E-3],"categories":[],"categories_nodes":[],"categories_segments":[],"categories_sizes":[],"default_left":[0,0,0,0,0,0,0],"id":7,"left_children":[1,3,5,-1,-1,-1,-1],"loss_changes":[3.9262864E-1,6.903414E-1,5.1982415E-1,0E0,0E0,0E0,0E0],"parents":[2147483647,0,0,1,1,2,2],"right_children":[2,4,6,-1,-1,-1,-1],"split_conditions":[2.8209704E-1,1.0966777E-1,6.1031866E-1,-2.050435E-2,1.1243848E-2,-7.6393313E-3,4.5639556E-3],"split_indices":[2,1,9,0,0,0,0],"split_type":[0,0,0,0,0,0,0],"sum_hessian":[2E2,5.6E1,1.44E2,7E0,4.9E1,8.7E1,5.7E1],"tree_param":{"num_deleted":"0","num_feature":"10","num_nodes":"7","size_leaf_vector":"1"}},{"base_weights":[-4.8199616E-4,3.127405E-2,-5.540486E-2,1.5955999E-3,1.9275187E-2,-3.68464E-3,-2.5959304E-2],"categories":[],"categories_nodes":[],"categories_segments":[],"categories_sizes":[],"default_left":[0,0,0,0,0,0,0],"id":8,"left_children":[1,3,5,-1,-1,-1,-1],"loss_changes":[3.5230348E-1,3.1353575E-1,2.7085197E-1,0E0,0E0,0E0,0E0],"parents":[2147483647,0,0,1,1,2,2],"right_children":[2,4,6,-1,-1,-1,-1],"split_conditions":[6.094937E-1,9.0127385E-1,9.0927035E-1,1.5955999E-3,1.9275187E-2,-3.68464E-3,-2.5959304E-2],"split_indices":[4,7,6,0,0,0,0],"split_type":[0,0,0,0,0,0,0],"sum_hessian":[2E2,1.27E2,7.3E1,1.17E2,1E1,6.8E1,5E0],"tree_param":{"num_deleted":"0","num_feature":"10","num_nodes":"7","size_leaf_vector":"1"}},{"base_weights":[-4.774501E-4,-7.935461E-2,2.085711E-2,6.23232E-3,-1.4989987E-2,-1.33864125E-2,3.6718913E-3],"categories":[],"categories_nodes":[],"categories_segments":[],"categories_sizes":[],"default_left":[0,0,0,0,0,0,0],"id":9,"left_children":[1,3,5,-1,-1,-1,-1],"loss_changes":[3.398998E-1,4.391142E-1,3.9512643E-1,0E0,0E0,0E0,0E0],"parents":[2147483647,0,0,1,1,2,2],"right_children":[2,4,6,-1,-1,-1,-1],"split_conditions":[2.1119617E-1,3.33892E-1,9.792376E-2,6.23232E-3,-1.4989987E-2,-1.33864125E-2,3.6718913E-3],"split_indices":[8,1,5,0,0,0,0],"split_type":[0,0,0,0,0,0,0],"sum_hessian":[2E2,4.2E1,1.58E2,1.4E1,2.8E1,1.4E1,1.44E2],"tree_param":{"num_deleted":"0","num_feature":"10","num_nodes":"7","size_leaf_vector":"1"}}]},"name":"gbtree"},"learner_model_param":{"base_score":"5.0532687E-1","boost_from_average":"1","num_class":"0","num_feature":"10","num_target":"1"},"objective":{"name":"reg:squarederror","reg_loss_param":{"scale_pos_weight":"1"}}},"version":[3,0,3]}